{"cameraMode":{"drawMode":0,"name":"Shaded","section":"Shading Mode"},"sceneLighting":false,"audioPlay":false,"sceneViewState":{"showFog":true,"showMaterialUpdate":false,"showSkybox":false,"showFlares":true,"showImageEffects":true,"showParticleSystems":true},"in2DMode":false,"pivot":{"x":0.3199999928474426,"y":1.1699999570846558,"z":336.20001220703127},"rotation":{"x":0.1701561063528061,"y":-0.060567498207092288,"z":0.010480890981853009,"w":0.9835271239280701},"size":0.14761312305927277,"orthographic":false}