{"cameraMode":{"drawMode":0,"name":"Shaded","section":"Shading Mode"},"sceneLighting":false,"audioPlay":false,"sceneViewState":{"showFog":true,"showMaterialUpdate":false,"showSkybox":false,"showFlares":true,"showImageEffects":true,"showParticleSystems":true},"in2DMode":false,"pivot":{"x":-3.8926820755004885,"y":-17.492774963378908,"z":-231.62486267089845},"rotation":{"x":0.01068617682904005,"y":-0.9789696931838989,"z":0.19672828912734986,"w":0.05352199450135231},"size":25.081457138061525,"orthographic":false}