{"cameraMode":{"drawMode":0,"name":"Shaded","section":"Shading Mode"},"sceneLighting":false,"audioPlay":false,"sceneViewState":{"showFog":true,"showMaterialUpdate":false,"showSkybox":false,"showFlares":true,"showImageEffects":true,"showParticleSystems":true},"in2DMode":false,"pivot":{"x":6.201834678649902,"y":1.02996027469635,"z":-164.3656005859375},"rotation":{"x":0.09646853804588318,"y":-0.6270049214363098,"z":0.07868669927120209,"w":0.7690451741218567},"size":2.3711864948272707,"orthographic":false}